,publications,domestic,pct_layer,upper,lower,labelled_max,origin_leader_office,dup_origin_year,dup_origin_field,dup_origin_only,domestic_share,pct_share,duplication_factor,labelled_dup,is_epc,home_is_origin_leader,domestic_measurable,H,identity,residual,on_identity,DH
CH,152641.0,4739.0,25883.0,152641.0,34048.0,31196.0,EP,4.881231812222187,4.503348576486207,4.892967047057315,3.104670435859304,14.498330756648967,4.483112077067669,4.892967047057315,True,False,True,0.03104670435859304,32.209537877189284,27.726425800121614,False,0.13918585526315788
LU,11539.0,631.0,1808.0,11539.0,2597.0,2264.0,US,5.096731448763251,4.711719069007758,5.096731448763251,5.468411474131207,13.546115231887315,4.443203696572969,5.096731448763251,True,False,True,0.054684114741312066,18.286846275752776,13.843642579179807,False,0.24297266076241814
NO,18911.0,2800.0,3811.0,18911.0,4348.0,3498.0,US,5.406232132647227,4.4855313092979125,5.406232132647227,14.806197451218868,16.7722911715518,4.349356025758969,5.406232132647227,True,False,True,0.14806197451218867,6.753928571428572,2.4045725456696028,False,0.6439742410303587
BE,40718.0,3950.0,6938.0,40718.0,9915.0,9186.0,EP,4.432614848682778,4.162117959726055,4.432614848682778,9.70086939437104,14.558502601980862,4.106707009581442,4.432614848682778,True,False,True,0.0970086939437104,10.308354430379747,6.201647420798305,False,0.3983862834089763
AG,1592.0,0.0,322.0,1592.0,388.0,276.0,JP,4.710059171597633,4.898461538461539,5.768115942028985,,16.823406478578892,4.103092783505154,5.768115942028985,False,False,False,,,,False,
NL,111904.0,8403.0,22295.0,111904.0,27444.0,24447.0,EP,4.567510204081633,4.1135127187178355,4.5774123614349405,7.509114955676294,16.613387581129516,4.077539717242384,4.5774123614349405,True,False,True,0.07509114955676294,13.317148637391409,9.239608920149024,False,0.30618714473108877
AT,42488.0,5501.0,7881.0,42488.0,10692.0,10245.0,EP,4.147193753050268,4.01170805400812,4.147193753050268,12.947185087554132,15.646528618793305,3.973812196034418,4.147193753050268,True,False,True,0.12947185087554133,7.7236866024359205,3.7498744064015024,False,0.5144968200523756
SE,89810.0,4724.0,20829.0,89810.0,23165.0,21621.0,US,4.1195358011100405,3.9196089556147165,4.153831922667777,5.259993319229484,18.82609206518497,3.8769695661558385,4.153831922667777,True,False,True,0.05259993319229484,19.01143099068586,15.13446142453002,False,0.20392834016835742
NZ,8477.0,407.0,1507.0,8477.0,2192.0,2031.0,US,4.173806006893156,3.9854254818993886,4.173806006893156,4.801226849121151,15.09415064102564,3.8672445255474455,4.173806006893156,False,False,True,0.04801226849121151,20.82800982800983,16.960765302462384,False,0.18567518248175183
ES,30940.0,6327.0,7037.0,30940.0,8073.0,7282.0,EP,4.126984126984127,3.9464285714285716,4.24883273825872,20.449256625727212,18.529636358848776,3.8325281803542675,4.24883273825872,True,False,True,0.20449256625727213,4.8901533112059425,1.057625130851675,False,0.7837235228539576
FI,38781.0,3620.0,8955.0,38781.0,10217.0,9275.0,EP,4.14991974317817,3.901901599758527,4.181239892183289,9.334467909543333,18.75942684766214,3.795732602525203,4.181239892183289,True,False,True,0.09334467909543333,10.712983425414365,6.917250822889161,False,0.35431144171478907
GB,153093.0,24781.0,29725.0,153093.0,40494.0,36070.0,US,4.244330468533407,3.8678406306055937,4.244330468533407,16.18689293436016,16.259339889945192,3.7806341680248927,4.244330468533407,True,False,True,0.1618689293436016,6.177837859650539,2.3972036916256467,False,0.6119672050180274
DK,37993.0,1671.0,7558.0,37993.0,10073.0,9040.0,EP,4.201371226362933,3.802341873498799,4.202765486725664,4.398178611849551,16.592390946411715,3.771766107415864,4.202765486725664,True,False,True,0.043981786118495514,22.73668461998803,18.964918512572165,False,0.1658890102253549
ZA,3237.0,32.0,1283.0,3237.0,884.0,734.0,US,4.253613666228646,4.242463958060289,4.41008174386921,0.9885696632684584,28.384955752212388,3.661764705882353,4.41008174386921,False,False,True,0.009885696632684585,101.15625,97.49448529411765,False,0.03619909502262443
IT,96624.0,24639.0,17177.0,96624.0,27153.0,24639.0,IT,3.8569375698547024,3.658614161302537,3.9215877267746255,25.499875807252856,15.093891969314857,3.5585018230029832,3.9215877267746255,True,True,True,0.2549987580725286,3.921587726774625,0.36308590377164185,False,0.9074135454645896
FR,230545.0,62694.0,39585.0,230545.0,66820.0,62694.0,FR,3.677305643283249,3.4703907755298653,3.677305643283249,27.193823331670608,14.654055454781032,3.450239449266687,3.677305643283249,True,True,True,0.2719382333167061,3.6773056432832485,0.2270661940165617,False,0.9382520203531878
PT,4486.0,896.0,1083.0,4486.0,1305.0,1087.0,EP,4.01252236135957,3.760268231349539,4.126954921803128,19.97325011145787,19.446938409050098,3.4375478927203065,4.126954921803128,True,False,True,0.1997325011145787,5.006696428571429,1.5691485358511224,False,0.6865900383141762
TH,2766.0,0.0,793.0,2766.0,835.0,662.0,US,4.1782477341389725,3.7277628032345014,4.1782477341389725,,22.281539758359088,3.3125748502994012,4.1782477341389725,False,False,False,,,,False,
AU,44915.0,12036.0,8918.0,44915.0,14282.0,12036.0,AU,3.6924531404143375,3.160802251935257,3.731721502160186,26.797283758209954,16.5660468485873,3.144867665593054,3.731721502160186,False,True,True,0.26797283758209955,3.7317215021601857,0.5868538365671316,False,0.8427391121691641
DE,606721.0,191804.0,96599.0,606721.0,206183.0,191804.0,DE,3.163234343392213,2.948510973310266,3.163234343392213,31.613212662821955,13.73471535005403,2.942633485786898,3.163234343392213,True,True,True,0.31613212662821955,3.163234343392213,0.2206008576053149,False,0.9302609817492228
IE,23800.0,257.0,3574.0,23800.0,8208.0,8119.0,US,2.931395492055672,2.928870292887029,2.931395492055672,1.0798319327731092,13.056184700810988,2.8996101364522415,2.931395492055672,True,False,True,0.010798319327731091,92.6070038910506,89.70739375459836,False,0.03131091617933723
MT,1816.0,0.0,266.0,1816.0,656.0,548.0,US,3.3138686131386863,3.0623946037099494,3.3138686131386863,,12.776176753121998,2.768292682926829,3.3138686131386863,True,False,False,,,,False,
HU,3555.0,1193.0,684.0,3555.0,1293.0,1193.0,HU,2.9798826487845766,2.8925956061838893,2.9798826487845766,33.55836849507735,16.13588110403397,2.7494199535962878,2.9798826487845766,True,True,True,0.3355836849507735,2.979882648784577,0.23046269518828932,False,0.9226604795050269
BB,4721.0,0.0,370.0,4721.0,1739.0,1564.0,US,3.018542199488491,2.921410891089109,3.018542199488491,,7.267727362011392,2.71477860839563,3.018542199488491,False,False,False,,,,False,
SG,30819.0,1535.0,7814.0,30819.0,11855.0,10702.0,US,2.879742104279574,2.698450223272918,2.879742104279574,4.9806937278951295,20.226231460150647,2.599662589624631,2.879742104279574,False,False,True,0.049806937278951295,20.077524429967426,17.477861840342793,False,0.12948123154787008
MC,563.0,23.0,91.0,563.0,220.0,116.0,EP,4.364341085271318,3.7039473684210527,4.853448275862069,4.085257548845471,13.914373088685016,2.559090909090909,4.853448275862069,True,False,True,0.04085257548845471,24.478260869565215,21.919169960474306,False,0.10454545454545455
IL,50671.0,1450.0,10150.0,50671.0,19886.0,19861.0,US,2.5512814057701023,2.5512814057701023,2.5512814057701023,2.8615973633833947,16.688314891238225,2.5480740219249722,2.5512814057701023,False,False,True,0.028615973633833947,34.945517241379314,32.39744321945434,False,0.07291561902846223
LI,5573.0,0.0,1359.0,5573.0,2195.0,2109.0,EP,2.642484589853011,2.592093023255814,2.642484589853011,,19.60473167916907,2.5389521640091117,2.642484589853011,True,False,False,,,,False,
CA,90459.0,20860.0,13192.0,90459.0,35804.0,35729.0,US,2.531808894735369,2.5313129617192747,2.531808894735369,23.06017090615638,12.727325351419667,2.5265054183890068,2.531808894735369,False,False,True,0.2306017090615638,4.336481303930968,1.8099758855419616,False,0.5826164674338062
EE,938.0,86.0,229.0,938.0,377.0,252.0,US,3.5938697318007664,3.0355987055016183,3.7222222222222223,9.168443496801705,19.622964867180805,2.4880636604774535,3.7222222222222223,True,False,True,0.09168443496801705,10.906976744186048,8.418913083708595,False,0.22811671087533153
CY,1686.0,0.0,223.0,1686.0,683.0,588.0,US,2.86734693877551,2.73257698541329,2.86734693877551,,11.681508643268726,2.4685212298682284,2.86734693877551,True,False,False,,,,False,
SI,2417.0,927.0,485.0,2417.0,1047.0,927.0,SI,2.6073354908306365,2.4218436873747495,2.6073354908306365,38.35333057509309,16.71261199172984,2.3085004775549187,2.6073354908306365,True,True,True,0.3835333057509309,2.6073354908306365,0.2988350132757178,False,0.8853868194842407
CZ,6387.0,2635.0,1013.0,6387.0,2770.0,2635.0,CZ,2.423908918406072,2.34902537697683,2.423908918406072,41.25567559104431,13.68918918918919,2.3057761732851985,2.423908918406072,True,True,True,0.4125567559104431,2.423908918406072,0.11813274512087357,False,0.9512635379061372
CL,3650.0,1557.0,940.0,3650.0,1584.0,1557.0,CL,2.3442517662170843,2.3367477592829706,2.3442517662170843,42.657534246575345,20.47930283224401,2.3042929292929295,2.3442517662170843,False,True,True,0.42657534246575346,2.344251766217084,0.03995883692415436,True,0.9829545454545456
AE,1883.0,0.0,486.0,1883.0,839.0,758.0,US,2.484168865435356,2.3508114856429465,2.484168865435356,,20.514985225833684,2.2443384982121573,2.484168865435356,False,False,False,,,,False,
IS,918.0,20.0,214.0,918.0,421.0,358.0,US,2.564245810055866,2.4414893617021276,2.564245810055866,2.178649237472767,18.90459363957597,2.1805225653206652,2.564245810055866,True,False,True,0.02178649237472767,45.9,43.719477434679334,False,0.04750593824228029
MO,723.0,0.0,24.0,723.0,333.0,228.0,US,2.6483516483516483,2.6101083032490973,3.1710526315789473,,3.21285140562249,2.171171171171171,3.1710526315789473,False,False,False,,,,False,
GR,3804.0,1627.0,519.0,3804.0,1816.0,1627.0,GR,2.3380454824830976,2.147939017504235,2.3380454824830976,42.770767613038906,12.005551700208189,2.094713656387665,2.3380454824830976,True,True,True,0.42770767613038907,2.3380454824830976,0.24333182609543247,False,0.8959251101321586
HK,8829.0,743.0,2592.0,8829.0,4277.0,4106.0,US,2.1502679006332195,2.1203170028818445,2.1502679006332195,8.415449088231963,22.69503546099291,2.0642974047229368,2.1502679006332195,False,False,True,0.08415449088231963,11.882907133243606,9.81860972852067,False,0.17371989712415245
US,2082902.0,1024044.0,319838.0,2082902.0,1024044.0,1024044.0,US,2.0339965860841915,2.0339965860841915,2.0339965860841915,49.16429097480342,13.311386167458817,2.0339965860841915,2.0339965860841915,False,True,True,0.4916429097480342,2.033996586084192,0.0,True,0.9999999999999999
SK,1661.0,797.0,229.0,1661.0,826.0,797.0,SK,2.084065244667503,2.084065244667503,2.084065244667503,47.98314268512944,12.116402116402117,2.0108958837772395,2.084065244667503,True,True,True,0.4798314268512944,2.0840652446675034,0.07316936089026393,False,0.9648910411622275
MY,4248.0,2036.0,993.0,4248.0,2120.0,2036.0,MY,2.086444007858546,2.086444007858546,2.086444007858546,47.92843691148776,18.94676588437321,2.0037735849056606,2.086444007858546,False,True,True,0.4792843691148776,2.086444007858546,0.0826704229528854,False,0.9603773584905662
BG,1361.0,687.0,244.0,1361.0,720.0,687.0,BG,1.9810771470160116,1.9610951008645534,1.9810771470160116,50.47759000734754,15.202492211838006,1.8902777777777777,1.9810771470160116,True,True,True,0.5047759000734754,1.9810771470160116,0.09079936923823384,False,0.9541666666666666
LT,1109.0,413.0,184.0,1109.0,592.0,413.0,LT,2.458980044345898,2.0163636363636366,2.685230024213075,37.240757439134356,14.230471771075019,1.8733108108108107,2.685230024213075,True,True,True,0.37240757439134353,2.6852300242130753,0.8119192134022646,False,0.6976351351351351
LV,767.0,373.0,168.0,767.0,424.0,373.0,LV,2.0563002680965146,1.9616368286445012,2.0563002680965146,48.63102998696219,17.967914438502675,1.8089622641509433,2.0563002680965146,True,True,True,0.4863102998696219,2.056300268096515,0.2473380039455717,False,0.8797169811320754
JP,1864485.0,1033401.0,311418.0,1864485.0,1033673.0,1033401.0,JP,1.804222175128532,1.804222175128532,1.804222175128532,55.42554646457333,14.312126965218578,1.803747413350257,1.804222175128532,False,True,True,0.5542554646457333,1.804222175128532,0.0004747617782749902,True,0.9997368606899861
SA,11885.0,32.0,3373.0,11885.0,6880.0,6874.0,US,1.7289787605469886,1.7289787605469886,1.7289787605469886,0.26924694993689524,22.10643596801678,1.7274709302325582,1.7289787605469886,False,False,True,0.0026924694993689523,371.40625,369.6787790697674,False,0.004651162790697674
MX,7317.0,4306.0,1128.0,7317.0,4313.0,4306.0,MX,1.6992568509057129,1.6992568509057129,1.6992568509057129,58.84925515921826,13.357015985790408,1.696498956642708,1.6992568509057129,False,True,True,0.5884925515921826,1.6992568509057129,0.0027578942630048786,True,0.9983769997681428
BY,637.0,0.0,94.0,637.0,395.0,329.0,EA,1.8735294117647059,1.9186746987951808,1.9361702127659575,,12.859097127222983,1.6126582278481012,1.9361702127659575,False,False,False,,,,False,
HR,758.0,436.0,142.0,758.0,475.0,436.0,HR,1.738532110091743,1.665934065934066,1.738532110091743,57.519788918205805,15.777777777777779,1.5957894736842104,1.738532110091743,True,True,True,0.575197889182058,1.738532110091743,0.1427426364075326,False,0.9178947368421052
AR,2708.0,1715.0,183.0,2708.0,1725.0,1715.0,AR,1.5790087463556852,1.5790087463556852,1.5790087463556852,63.330871491875925,6.329989622967831,1.569855072463768,1.5790087463556852,False,True,True,0.6333087149187593,1.579008746355685,0.009153673891916903,True,0.9942028985507247
PE,748.0,488.0,167.0,748.0,498.0,488.0,PE,1.5327868852459017,1.5327868852459017,1.5327868852459017,65.24064171122994,18.25136612021858,1.502008032128514,1.5327868852459017,False,True,True,0.6524064171122994,1.5327868852459017,0.030778853117387595,True,0.9799196787148594
KR,1038200.0,706664.0,100132.0,1038200.0,706664.0,706664.0,KR,1.4691564873829712,1.4691564873829712,1.4691564873829712,68.0662685417068,8.796379263694599,1.4691564873829712,1.4691564873829712,False,True,True,0.6806626854170681,1.469156487382971,0.0,True,1.0
RS,836.0,582.0,121.0,836.0,587.0,582.0,RS,1.436426116838488,1.436426116838488,1.436426116838488,69.61722488038278,12.64367816091954,1.424190800681431,1.436426116838488,True,True,True,0.6961722488038278,1.436426116838488,0.012235316157056975,True,0.9914821124361158
UA,2701.0,1666.0,683.0,2701.0,1937.0,1666.0,UA,1.4313725490196079,1.6010669828097215,1.62124849939976,61.68085894113291,20.18321513002364,1.39442436757873,1.62124849939976,False,True,True,0.6168085894113291,1.62124849939976,0.22682413182103,False,0.8600929272070211
CO,3326.0,2424.0,551.0,3326.0,2426.0,2424.0,CO,1.3721122112211221,1.3721122112211221,1.3721122112211221,72.88033674082982,14.21201960278566,1.3709810387469086,1.3721122112211221,False,True,True,0.7288033674082982,1.3721122112211221,0.001131172474213571,True,0.9991755976916735
PL,23958.0,17849.0,1583.0,23958.0,17853.0,17849.0,PL,1.34226007059219,1.34226007059219,1.34226007059219,74.50121045162368,6.197877921772836,1.3419593345656193,1.34226007059219,True,True,True,0.7450121045162368,1.3422600705921899,0.0003007360265705472,True,0.9997759480199407
TR,29171.0,22136.0,7240.0,29171.0,22137.0,22136.0,TR,1.3178080954101916,1.3178080954101916,1.3178080954101916,75.88358301052415,19.884100958501552,1.31774856574965,1.3178080954101916,True,True,True,0.7588358301052415,1.3178080954101916,5.952966054167952e-05,True,0.999954826760627
IR,713.0,0.0,852.0,713.0,545.0,534.0,US,1.3352059925093633,1.3352059925093633,1.3352059925093633,,54.4408945686901,1.308256880733945,1.3352059925093633,False,False,False,,,,False,
BR,28404.0,22058.0,3055.0,28404.0,22058.0,22058.0,BR,1.2876960739867622,1.2876960739867622,1.2876960739867622,77.65807632727785,9.711052481007025,1.2876960739867622,1.2876960739867622,False,True,True,0.7765807632727786,1.287696073986762,0.0,True,1.0000000000000002
MA,1145.0,901.0,233.0,1145.0,901.0,901.0,MA,1.2708102108768036,1.2708102108768036,1.2708102108768036,78.68995633187772,16.90856313497823,1.2708102108768036,1.2708102108768036,False,True,True,0.7868995633187772,1.2708102108768038,0.0,True,0.9999999999999999
IN,114893.0,93707.0,9342.0,114893.0,93781.0,93707.0,IN,1.2260876988912248,1.2260876988912248,1.2260876988912248,81.56023430496201,7.519620074858132,1.2251202269116346,1.2260876988912248,False,True,True,0.8156023430496201,1.2260876988912248,0.0009674719795902398,True,0.9992109275866115
PH,1352.0,1097.0,115.0,1352.0,1160.0,1097.0,PH,1.2324521422060164,1.1777003484320558,1.2324521422060164,81.13905325443787,7.839127471029312,1.1655172413793105,1.2324521422060164,False,True,True,0.8113905325443787,1.2324521422060164,0.06693490082670595,False,0.9456896551724139
RO,4299.0,3730.0,168.0,4299.0,3730.0,3730.0,RO,1.1525469168900804,1.1525469168900804,1.1525469168900804,86.76436380553618,3.760913364674278,1.1525469168900804,1.1525469168900804,True,True,True,0.8676436380553618,1.1525469168900804,0.0,True,1.0
RU,105030.0,96488.0,4961.0,105030.0,96488.0,96488.0,RU,1.0885291435204378,1.0885291435204378,1.0885291435204378,91.86708559459203,4.510369030193379,1.0885291435204378,1.0885291435204378,False,True,True,0.9186708559459202,1.0885291435204378,0.0,True,1.0
MD,772.0,717.0,33.0,772.0,721.0,717.0,MD,1.0767085076708507,1.075208913649025,1.0767085076708507,92.87564766839378,4.099378881987578,1.0707350901525658,1.0767085076708507,False,True,True,0.9287564766839378,1.076708507670851,0.005973417518285062,True,0.9944521497919555
TN,757.0,703.0,50.0,757.0,708.0,703.0,TN,1.0768136557610242,1.073758865248227,1.0768136557610242,92.8665785997358,6.195786864931846,1.0692090395480225,1.0768136557610242,False,True,True,0.928665785997358,1.0768136557610242,0.00760461621300168,True,0.9929378531073446
CN,7464673.0,7121611.0,299781.0,7464673.0,7121611.0,7121611.0,CN,1.0481719655847532,1.0481719655847532,1.0481719655847532,95.40419252122632,3.860941155682035,1.0481719655847532,1.0481719655847532,False,True,True,0.9540419252122632,1.0481719655847532,0.0,True,1.0
