year,origin,families,country,foreign_oriented,families_grant_year
2000,BN,0.0,Brunei Darussalam,0.0,1.0
2001,BN,2.0,Brunei Darussalam,2.0,0.0
2002,BN,3.0,Brunei Darussalam,3.0,0.0
2003,BN,3.0,Brunei Darussalam,3.0,0.0
2004,BN,10.0,Brunei Darussalam,10.0,1.0
2005,BN,29.0,Brunei Darussalam,29.0,4.0
2006,BN,9.0,Brunei Darussalam,9.0,7.0
2007,BN,13.0,Brunei Darussalam,13.0,7.0
2008,BN,5.0,Brunei Darussalam,5.0,7.0
2009,BN,17.0,Brunei Darussalam,17.0,12.0
2010,BN,16.0,Brunei Darussalam,16.0,10.0
2011,BN,8.0,Brunei Darussalam,8.0,8.0
2012,BN,8.0,Brunei Darussalam,6.0,9.0
2013,BN,7.0,Brunei Darussalam,7.0,9.0
2014,BN,14.0,Brunei Darussalam,14.0,3.0
2015,BN,3.0,Brunei Darussalam,3.0,7.0
2016,BN,18.0,Brunei Darussalam,17.0,5.0
2017,BN,11.0,Brunei Darussalam,11.0,7.0
2018,BN,4.0,Brunei Darussalam,3.0,10.0
2019,BN,3.0,Brunei Darussalam,2.0,4.0
2020,BN,1.0,Brunei Darussalam,1.0,10.0
2021,BN,2.0,Brunei Darussalam,2.0,1.0
2022,BN,0.0,Brunei Darussalam,0.0,2.0
2023,BN,0.0,Brunei Darussalam,,0.0
2000,KH,0.0,Cambodia,0.0,0.0
2001,KH,0.0,Cambodia,0.0,0.0
2002,KH,0.0,Cambodia,0.0,0.0
2003,KH,0.0,Cambodia,0.0,0.0
2004,KH,0.0,Cambodia,0.0,0.0
2005,KH,0.0,Cambodia,0.0,0.0
2006,KH,0.0,Cambodia,0.0,0.0
2007,KH,0.0,Cambodia,0.0,0.0
2008,KH,1.0,Cambodia,1.0,0.0
2009,KH,0.0,Cambodia,0.0,0.0
2010,KH,0.0,Cambodia,0.0,0.0
2011,KH,0.0,Cambodia,0.0,0.0
2012,KH,0.0,Cambodia,0.0,0.0
2013,KH,0.0,Cambodia,0.0,1.0
2014,KH,0.0,Cambodia,0.0,0.0
2015,KH,0.0,Cambodia,0.0,0.0
2016,KH,1.0,Cambodia,1.0,0.0
2017,KH,0.0,Cambodia,0.0,0.0
2018,KH,1.0,Cambodia,1.0,0.0
2019,KH,1.0,Cambodia,1.0,0.0
2020,KH,5.0,Cambodia,5.0,1.0
2021,KH,0.0,Cambodia,0.0,3.0
2022,KH,0.0,Cambodia,0.0,1.0
2023,KH,0.0,Cambodia,,0.0
2000,CN,23079.0,China,968.0,5924.0
2001,CN,27745.0,China,1319.0,6584.0
2002,CN,38704.0,China,1834.0,5827.0
2003,CN,53244.0,China,2387.0,11378.0
2004,CN,63504.0,China,3338.0,18107.0
2005,CN,85706.0,China,5596.0,20152.0
2006,CN,109273.0,China,6312.0,25849.0
2007,CN,133112.0,China,7835.0,30643.0
2008,CN,165770.0,China,8782.0,44668.0
2009,CN,201926.0,China,10249.0,64574.0
2010,CN,254577.0,China,11244.0,70988.0
2011,CN,339742.0,China,13352.0,103241.0
2012,CN,456492.0,China,16224.0,139709.0
2013,CN,591846.0,China,17511.0,148000.0
2014,CN,679503.0,China,19728.0,159970.0
2015,CN,827724.0,China,22761.0,239027.0
2016,CN,1032790.0,China,25546.0,297297.0
2017,CN,1239254.0,China,32081.0,318626.0
2018,CN,1371928.0,China,38028.0,339485.0
2019,CN,1226985.0,China,43953.0,356093.0
2020,CN,1419718.0,China,48399.0,436949.0
2021,CN,1449194.0,China,50957.0,579573.0
2022,CN,1517232.0,China,55223.0,696569.0
2023,CN,1608946.0,China,,816002.0
2000,ID,99.0,Indonesia,18.0,8.0
2001,ID,18.0,Indonesia,9.0,10.0
2002,ID,20.0,Indonesia,17.0,9.0
2003,ID,10.0,Indonesia,10.0,11.0
2004,ID,19.0,Indonesia,15.0,6.0
2005,ID,17.0,Indonesia,15.0,6.0
2006,ID,18.0,Indonesia,14.0,7.0
2007,ID,16.0,Indonesia,12.0,7.0
2008,ID,15.0,Indonesia,13.0,4.0
2009,ID,18.0,Indonesia,14.0,2.0
2010,ID,16.0,Indonesia,14.0,8.0
2011,ID,22.0,Indonesia,18.0,4.0
2012,ID,29.0,Indonesia,19.0,2.0
2013,ID,27.0,Indonesia,18.0,11.0
2014,ID,17.0,Indonesia,15.0,6.0
2015,ID,21.0,Indonesia,13.0,10.0
2016,ID,15.0,Indonesia,13.0,10.0
2017,ID,12.0,Indonesia,7.0,13.0
2018,ID,15.0,Indonesia,10.0,5.0
2019,ID,24.0,Indonesia,21.0,3.0
2020,ID,18.0,Indonesia,17.0,5.0
2021,ID,12.0,Indonesia,7.0,9.0
2022,ID,18.0,Indonesia,13.0,8.0
2023,ID,150.0,Indonesia,,4.0
2000,JP,362484.0,Japan,61374.0,131397.0
2001,JP,361089.0,Japan,59897.0,129876.0
2002,JP,344678.0,Japan,62349.0,127967.0
2003,JP,337589.0,Japan,66065.0,133615.0
2004,JP,342115.0,Japan,71790.0,131977.0
2005,JP,339936.0,Japan,73054.0,129346.0
2006,JP,318815.0,Japan,73175.0,143103.0
2007,JP,305042.0,Japan,71966.0,159283.0
2008,JP,300219.0,Japan,68112.0,159084.0
2009,JP,268209.0,Japan,65675.0,168841.0
2010,JP,262898.0,Japan,73836.0,186014.0
2011,JP,259571.0,Japan,76382.0,206838.0
2012,JP,256380.0,Japan,74675.0,219032.0
2013,JP,241290.0,Japan,72605.0,222822.0
2014,JP,235136.0,Japan,72719.0,218061.0
2015,JP,228951.0,Japan,72388.0,162202.0
2016,JP,229360.0,Japan,74240.0,180790.0
2017,JP,228578.0,Japan,77600.0,165654.0
2018,JP,222301.0,Japan,78578.0,157588.0
2019,JP,212981.0,Japan,75575.0,152875.0
2020,JP,193705.0,Japan,70859.0,150341.0
2021,JP,182883.0,Japan,73639.0,143365.0
2022,JP,175789.0,Japan,69445.0,160462.0
2023,JP,182708.0,Japan,,149217.0
2000,KR,71500.0,"Korea, Rep.",7178.0,27099.0
2001,KR,72108.0,"Korea, Rep.",8533.0,26472.0
2002,KR,75050.0,"Korea, Rep.",10650.0,32360.0
2003,KR,87281.0,"Korea, Rep.",14415.0,32615.0
2004,KR,101458.0,"Korea, Rep.",18472.0,36813.0
2005,KR,110450.0,"Korea, Rep.",21339.0,54596.0
2006,KR,112989.0,"Korea, Rep.",21010.0,89733.0
2007,KR,113211.0,"Korea, Rep.",20616.0,93422.0
2008,KR,115419.0,"Korea, Rep.",18888.0,65159.0
2009,KR,115901.0,"Korea, Rep.",19245.0,45201.0
2010,KR,119245.0,"Korea, Rep.",21809.0,54974.0
2011,KR,124103.0,"Korea, Rep.",21808.0,76073.0
2012,KR,129122.0,"Korea, Rep.",24133.0,88253.0
2013,KR,134429.0,"Korea, Rep.",27886.0,99575.0
2014,KR,137262.0,"Korea, Rep.",28992.0,103149.0
2015,KR,138148.0,"Korea, Rep.",28492.0,84468.0
2016,KR,134530.0,"Korea, Rep.",26762.0,90578.0
2017,KR,132736.0,"Korea, Rep.",25925.0,98394.0
2018,KR,137383.0,"Korea, Rep.",28226.0,95730.0
2019,KR,145634.0,"Korea, Rep.",31349.0,103065.0
2020,KR,153409.0,"Korea, Rep.",33143.0,109607.0
2021,KR,154242.0,"Korea, Rep.",35287.0,111528.0
2022,KR,149927.0,"Korea, Rep.",36843.0,98415.0
2023,KR,154341.0,"Korea, Rep.",,97475.0
2000,LA,0.0,Lao PDR,0.0,0.0
2001,LA,0.0,Lao PDR,0.0,0.0
2002,LA,0.0,Lao PDR,0.0,0.0
2003,LA,0.0,Lao PDR,0.0,0.0
2004,LA,0.0,Lao PDR,0.0,0.0
2005,LA,0.0,Lao PDR,0.0,0.0
2006,LA,0.0,Lao PDR,0.0,0.0
2007,LA,2.0,Lao PDR,2.0,0.0
2008,LA,0.0,Lao PDR,0.0,0.0
2009,LA,4.0,Lao PDR,4.0,0.0
2010,LA,0.0,Lao PDR,0.0,1.0
2011,LA,6.0,Lao PDR,6.0,0.0
2012,LA,1.0,Lao PDR,1.0,2.0
2013,LA,0.0,Lao PDR,0.0,1.0
2014,LA,0.0,Lao PDR,0.0,0.0
2015,LA,1.0,Lao PDR,1.0,0.0
2016,LA,1.0,Lao PDR,1.0,2.0
2017,LA,0.0,Lao PDR,0.0,0.0
2018,LA,3.0,Lao PDR,2.0,0.0
2019,LA,0.0,Lao PDR,0.0,0.0
2020,LA,1.0,Lao PDR,1.0,2.0
2021,LA,0.0,Lao PDR,0.0,1.0
2022,LA,0.0,Lao PDR,0.0,1.0
2023,LA,1.0,Lao PDR,,0.0
2000,MY,165.0,Malaysia,97.0,42.0
2001,MY,187.0,Malaysia,79.0,43.0
2002,MY,246.0,Malaysia,121.0,60.0
2003,MY,315.0,Malaysia,158.0,68.0
2004,MY,372.0,Malaysia,160.0,77.0
2005,MY,387.0,Malaysia,165.0,76.0
2006,MY,395.0,Malaysia,146.0,210.0
2007,MY,508.0,Malaysia,154.0,337.0
2008,MY,587.0,Malaysia,158.0,211.0
2009,MY,892.0,Malaysia,224.0,279.0
2010,MY,885.0,Malaysia,185.0,241.0
2011,MY,792.0,Malaysia,187.0,380.0
2012,MY,800.0,Malaysia,187.0,359.0
2013,MY,832.0,Malaysia,221.0,374.0
2014,MY,939.0,Malaysia,257.0,464.0
2015,MY,708.0,Malaysia,172.0,462.0
2016,MY,625.0,Malaysia,164.0,487.0
2017,MY,716.0,Malaysia,188.0,519.0
2018,MY,651.0,Malaysia,164.0,551.0
2019,MY,575.0,Malaysia,199.0,628.0
2020,MY,396.0,Malaysia,186.0,1313.0
2021,MY,289.0,Malaysia,190.0,1128.0
2022,MY,212.0,Malaysia,156.0,974.0
2023,MY,184.0,Malaysia,,697.0
2000,MM,0.0,Myanmar,0.0,0.0
2001,MM,0.0,Myanmar,0.0,0.0
2002,MM,0.0,Myanmar,0.0,0.0
2003,MM,0.0,Myanmar,0.0,0.0
2004,MM,0.0,Myanmar,0.0,0.0
2005,MM,0.0,Myanmar,0.0,0.0
2006,MM,1.0,Myanmar,1.0,0.0
2007,MM,0.0,Myanmar,0.0,0.0
2008,MM,1.0,Myanmar,1.0,1.0
2009,MM,0.0,Myanmar,0.0,0.0
2010,MM,0.0,Myanmar,0.0,0.0
2011,MM,0.0,Myanmar,0.0,0.0
2012,MM,0.0,Myanmar,0.0,0.0
2013,MM,0.0,Myanmar,0.0,0.0
2014,MM,0.0,Myanmar,0.0,1.0
2015,MM,0.0,Myanmar,0.0,0.0
2016,MM,1.0,Myanmar,1.0,0.0
2017,MM,1.0,Myanmar,1.0,0.0
2018,MM,0.0,Myanmar,0.0,1.0
2019,MM,2.0,Myanmar,2.0,0.0
2020,MM,0.0,Myanmar,0.0,0.0
2021,MM,2.0,Myanmar,2.0,1.0
2022,MM,1.0,Myanmar,1.0,0.0
2023,MM,0.0,Myanmar,,0.0
2000,PH,23.0,Philippines,23.0,2.0
2001,PH,21.0,Philippines,16.0,4.0
2002,PH,27.0,Philippines,21.0,9.0
2003,PH,19.0,Philippines,15.0,4.0
2004,PH,30.0,Philippines,23.0,1.0
2005,PH,46.0,Philippines,36.0,7.0
2006,PH,32.0,Philippines,24.0,3.0
2007,PH,34.0,Philippines,26.0,7.0
2008,PH,28.0,Philippines,18.0,3.0
2009,PH,37.0,Philippines,13.0,7.0
2010,PH,66.0,Philippines,27.0,10.0
2011,PH,168.0,Philippines,32.0,5.0
2012,PH,189.0,Philippines,37.0,13.0
2013,PH,209.0,Philippines,45.0,14.0
2014,PH,277.0,Philippines,33.0,35.0
2015,PH,306.0,Philippines,35.0,42.0
2016,PH,234.0,Philippines,19.0,41.0
2017,PH,225.0,Philippines,26.0,26.0
2018,PH,292.0,Philippines,22.0,36.0
2019,PH,377.0,Philippines,24.0,37.0
2020,PH,328.0,Philippines,22.0,18.0
2021,PH,361.0,Philippines,25.0,28.0
2022,PH,291.0,Philippines,16.0,37.0
2023,PH,23.0,Philippines,,31.0
2000,SG,716.0,Singapore,580.0,208.0
2001,SG,796.0,Singapore,629.0,330.0
2002,SG,801.0,Singapore,646.0,318.0
2003,SG,994.0,Singapore,829.0,352.0
2004,SG,1194.0,Singapore,1026.0,314.0
2005,SG,1388.0,Singapore,1182.0,294.0
2006,SG,1443.0,Singapore,1252.0,520.0
2007,SG,1363.0,Singapore,1119.0,630.0
2008,SG,1603.0,Singapore,1356.0,604.0
2009,SG,1516.0,Singapore,1304.0,687.0
2010,SG,1701.0,Singapore,1456.0,804.0
2011,SG,1877.0,Singapore,1671.0,835.0
2012,SG,2117.0,Singapore,1831.0,1022.0
2013,SG,2373.0,Singapore,2035.0,1073.0
2014,SG,2486.0,Singapore,2196.0,1305.0
2015,SG,2453.0,Singapore,2160.0,1392.0
2016,SG,2498.0,Singapore,2202.0,1625.0
2017,SG,2504.0,Singapore,2207.0,1589.0
2018,SG,2906.0,Singapore,2553.0,1744.0
2019,SG,2948.0,Singapore,2652.0,1690.0
2020,SG,3062.0,Singapore,2760.0,1803.0
2021,SG,3189.0,Singapore,2969.0,1776.0
2022,SG,3036.0,Singapore,2789.0,1718.0
2023,SG,2929.0,Singapore,,1754.0
2000,TH,47.0,Thailand,47.0,13.0
2001,TH,32.0,Thailand,32.0,17.0
2002,TH,53.0,Thailand,53.0,20.0
2003,TH,66.0,Thailand,62.0,16.0
2004,TH,57.0,Thailand,57.0,19.0
2005,TH,61.0,Thailand,61.0,15.0
2006,TH,62.0,Thailand,60.0,22.0
2007,TH,83.0,Thailand,83.0,22.0
2008,TH,65.0,Thailand,62.0,27.0
2009,TH,73.0,Thailand,59.0,24.0
2010,TH,87.0,Thailand,62.0,39.0
2011,TH,94.0,Thailand,65.0,43.0
2012,TH,92.0,Thailand,68.0,25.0
2013,TH,95.0,Thailand,73.0,57.0
2014,TH,132.0,Thailand,107.0,49.0
2015,TH,167.0,Thailand,136.0,45.0
2016,TH,202.0,Thailand,150.0,48.0
2017,TH,151.0,Thailand,124.0,55.0
2018,TH,189.0,Thailand,167.0,83.0
2019,TH,189.0,Thailand,153.0,106.0
2020,TH,173.0,Thailand,142.0,98.0
2021,TH,201.0,Thailand,170.0,88.0
2022,TH,157.0,Thailand,124.0,82.0
2023,TH,151.0,Thailand,,96.0
2000,VN,0.0,Viet Nam,0.0,0.0
2001,VN,2.0,Viet Nam,0.0,0.0
2002,VN,5.0,Viet Nam,1.0,0.0
2003,VN,6.0,Viet Nam,3.0,0.0
2004,VN,4.0,Viet Nam,4.0,0.0
2005,VN,11.0,Viet Nam,7.0,3.0
2006,VN,8.0,Viet Nam,6.0,0.0
2007,VN,10.0,Viet Nam,7.0,2.0
2008,VN,3.0,Viet Nam,2.0,0.0
2009,VN,12.0,Viet Nam,9.0,1.0
2010,VN,16.0,Viet Nam,11.0,0.0
2011,VN,17.0,Viet Nam,7.0,5.0
2012,VN,16.0,Viet Nam,13.0,2.0
2013,VN,19.0,Viet Nam,13.0,7.0
2014,VN,24.0,Viet Nam,18.0,5.0
2015,VN,31.0,Viet Nam,24.0,5.0
2016,VN,49.0,Viet Nam,36.0,10.0
2017,VN,39.0,Viet Nam,30.0,9.0
2018,VN,68.0,Viet Nam,44.0,12.0
2019,VN,59.0,Viet Nam,52.0,11.0
2020,VN,106.0,Viet Nam,78.0,26.0
2021,VN,87.0,Viet Nam,76.0,40.0
2022,VN,76.0,Viet Nam,72.0,36.0
2023,VN,79.0,Viet Nam,,36.0
